,qa_f1,completion_best_model_f1,completion_models_macro_avg_f1
0,0.6939244663382594,0.2505747126436782,0.20033353858784894
